"filename", "language", "Python", "pip requirements", "JSON", "CSS", "Shell Script", "Markdown", "HTML", "Plain Text (PDF)", "XML", "Less", "SCSS", "comment", "blank", "total"
"/Users/david/git/TDDD83/tddd83/README.md", "Markdown", 0, 0, 0, 0, 0, 60, 0, 0, 0, 0, 0, 0, 12, 72
"/Users/david/git/TDDD83/tddd83/dbschema.pdf", "Plain Text (PDF)", 0, 0, 0, 0, 0, 0, 0, 307, 0, 0, 0, 0, 2, 309
"/Users/david/git/TDDD83/tddd83/install_alias.sh", "Shell Script", 0, 0, 0, 0, 2, 0, 0, 0, 0, 0, 0, 1, 1, 4
"/Users/david/git/TDDD83/tddd83/prototyper/create_event 2.html", "HTML", 0, 0, 0, 0, 0, 0, 145, 0, 0, 0, 0, 6, 15, 166
"/Users/david/git/TDDD83/tddd83/prototyper/create_event 3.html", "HTML", 0, 0, 0, 0, 0, 0, 288, 0, 0, 0, 0, 6, 46, 340
"/Users/david/git/TDDD83/tddd83/prototyper/create_event.html", "HTML", 0, 0, 0, 0, 0, 0, 136, 0, 0, 0, 0, 4, 30, 170
"/Users/david/git/TDDD83/tddd83/prototyper/index.html", "HTML", 0, 0, 0, 0, 0, 0, 159, 0, 0, 0, 0, 5, 8, 172
"/Users/david/git/TDDD83/tddd83/prototyper/index2.html", "HTML", 0, 0, 0, 0, 0, 0, 210, 0, 0, 0, 0, 4, 9, 223
"/Users/david/git/TDDD83/tddd83/prototyper/open-iconic/README.md", "Markdown", 0, 0, 0, 0, 0, 70, 0, 0, 0, 0, 0, 0, 45, 115
"/Users/david/git/TDDD83/tddd83/prototyper/open-iconic/bower.json", "JSON", 0, 0, 21, 0, 0, 0, 0, 0, 0, 0, 0, 0, 1, 22
"/Users/david/git/TDDD83/tddd83/prototyper/open-iconic/font/css/open-iconic-bootstrap.css", "CSS", 0, 0, 0, 717, 0, 0, 0, 0, 0, 0, 0, 1, 235, 953
"/Users/david/git/TDDD83/tddd83/prototyper/open-iconic/font/css/open-iconic-bootstrap.less", "Less", 0, 0, 0, 0, 0, 0, 0, 0, 0, 719, 0, 4, 238, 961
"/Users/david/git/TDDD83/tddd83/prototyper/open-iconic/font/css/open-iconic-bootstrap.min.css", "CSS", 0, 0, 0, 1, 0, 0, 0, 0, 0, 0, 0, 0, 0, 1
"/Users/david/git/TDDD83/tddd83/prototyper/open-iconic/font/css/open-iconic-bootstrap.scss", "SCSS", 0, 0, 0, 0, 0, 0, 0, 0, 0, 0, 717, 3, 239, 959
"/Users/david/git/TDDD83/tddd83/prototyper/open-iconic/font/css/open-iconic-foundation.css", "CSS", 0, 0, 0, 935, 0, 0, 0, 0, 0, 0, 0, 1, 460, 1396
"/Users/david/git/TDDD83/tddd83/prototyper/open-iconic/font/css/open-iconic-foundation.less", "Less", 0, 0, 0, 0, 0, 0, 0, 0, 0, 936, 0, 2, 460, 1398
"/Users/david/git/TDDD83/tddd83/prototyper/open-iconic/font/css/open-iconic-foundation.min.css", "CSS", 0, 0, 0, 1, 0, 0, 0, 0, 0, 0, 0, 0, 0, 1
"/Users/david/git/TDDD83/tddd83/prototyper/open-iconic/font/css/open-iconic-foundation.scss", "SCSS", 0, 0, 0, 0, 0, 0, 0, 0, 0, 0, 936, 2, 461, 1399
"/Users/david/git/TDDD83/tddd83/prototyper/open-iconic/font/css/open-iconic.css", "CSS", 0, 0, 0, 278, 0, 0, 0, 0, 0, 0, 0, 0, 234, 512
"/Users/david/git/TDDD83/tddd83/prototyper/open-iconic/font/css/open-iconic.less", "Less", 0, 0, 0, 0, 0, 0, 0, 0, 0, 729, 0, 0, 234, 963
"/Users/david/git/TDDD83/tddd83/prototyper/open-iconic/font/css/open-iconic.min.css", "CSS", 0, 0, 0, 1, 0, 0, 0, 0, 0, 0, 0, 0, 0, 1
"/Users/david/git/TDDD83/tddd83/prototyper/open-iconic/font/css/open-iconic.scss", "SCSS", 0, 0, 0, 0, 0, 0, 0, 0, 0, 0, 729, 0, 235, 964
"/Users/david/git/TDDD83/tddd83/prototyper/open-iconic/font/fonts/open-iconic.svg", "XML", 0, 0, 0, 0, 0, 0, 0, 0, 540, 0, 0, 3, 1, 544
"/Users/david/git/TDDD83/tddd83/prototyper/open-iconic/package.json", "JSON", 0, 0, 36, 0, 0, 0, 0, 0, 0, 0, 0, 0, 1, 37
"/Users/david/git/TDDD83/tddd83/prototyper/open-iconic/sprite/open-iconic.html", "HTML", 0, 0, 0, 0, 0, 0, 701, 0, 0, 0, 0, 0, 228, 929
"/Users/david/git/TDDD83/tddd83/prototyper/open-iconic/sprite/open-iconic.min.svg", "XML", 0, 0, 0, 0, 0, 0, 0, 0, 1, 0, 0, 0, 0, 1
"/Users/david/git/TDDD83/tddd83/prototyper/open-iconic/sprite/open-iconic.svg", "XML", 0, 0, 0, 0, 0, 0, 0, 0, 229, 0, 0, 0, 223, 452
"/Users/david/git/TDDD83/tddd83/prototyper/open-iconic/sprite/sprite.html", "HTML", 0, 0, 0, 0, 0, 0, 699, 0, 0, 0, 0, 0, 228, 927
"/Users/david/git/TDDD83/tddd83/prototyper/open-iconic/sprite/sprite.min.svg", "XML", 0, 0, 0, 0, 0, 0, 0, 0, 1, 0, 0, 0, 0, 1
"/Users/david/git/TDDD83/tddd83/prototyper/open-iconic/sprite/sprite.svg", "XML", 0, 0, 0, 0, 0, 0, 0, 0, 673, 0, 0, 0, 0, 673
"/Users/david/git/TDDD83/tddd83/prototyper/open-iconic/svg/account-login.svg", "XML", 0, 0, 0, 0, 0, 0, 0, 0, 3, 0, 0, 0, 0, 3
"/Users/david/git/TDDD83/tddd83/prototyper/open-iconic/svg/account-logout.svg", "XML", 0, 0, 0, 0, 0, 0, 0, 0, 3, 0, 0, 0, 0, 3
"/Users/david/git/TDDD83/tddd83/prototyper/open-iconic/svg/action-redo.svg", "XML", 0, 0, 0, 0, 0, 0, 0, 0, 3, 0, 0, 0, 0, 3
"/Users/david/git/TDDD83/tddd83/prototyper/open-iconic/svg/action-undo.svg", "XML", 0, 0, 0, 0, 0, 0, 0, 0, 3, 0, 0, 0, 0, 3
"/Users/david/git/TDDD83/tddd83/prototyper/open-iconic/svg/align-center.svg", "XML", 0, 0, 0, 0, 0, 0, 0, 0, 3, 0, 0, 0, 0, 3
"/Users/david/git/TDDD83/tddd83/prototyper/open-iconic/svg/align-left.svg", "XML", 0, 0, 0, 0, 0, 0, 0, 0, 3, 0, 0, 0, 0, 3
"/Users/david/git/TDDD83/tddd83/prototyper/open-iconic/svg/align-right.svg", "XML", 0, 0, 0, 0, 0, 0, 0, 0, 3, 0, 0, 0, 0, 3
"/Users/david/git/TDDD83/tddd83/prototyper/open-iconic/svg/aperture.svg", "XML", 0, 0, 0, 0, 0, 0, 0, 0, 4, 0, 0, 0, 0, 4
"/Users/david/git/TDDD83/tddd83/prototyper/open-iconic/svg/arrow-bottom.svg", "XML", 0, 0, 0, 0, 0, 0, 0, 0, 3, 0, 0, 0, 0, 3
"/Users/david/git/TDDD83/tddd83/prototyper/open-iconic/svg/arrow-circle-bottom.svg", "XML", 0, 0, 0, 0, 0, 0, 0, 0, 3, 0, 0, 0, 0, 3
"/Users/david/git/TDDD83/tddd83/prototyper/open-iconic/svg/arrow-circle-left.svg", "XML", 0, 0, 0, 0, 0, 0, 0, 0, 3, 0, 0, 0, 0, 3
"/Users/david/git/TDDD83/tddd83/prototyper/open-iconic/svg/arrow-circle-right.svg", "XML", 0, 0, 0, 0, 0, 0, 0, 0, 3, 0, 0, 0, 0, 3
"/Users/david/git/TDDD83/tddd83/prototyper/open-iconic/svg/arrow-circle-top.svg", "XML", 0, 0, 0, 0, 0, 0, 0, 0, 3, 0, 0, 0, 0, 3
"/Users/david/git/TDDD83/tddd83/prototyper/open-iconic/svg/arrow-left.svg", "XML", 0, 0, 0, 0, 0, 0, 0, 0, 3, 0, 0, 0, 0, 3
"/Users/david/git/TDDD83/tddd83/prototyper/open-iconic/svg/arrow-right.svg", "XML", 0, 0, 0, 0, 0, 0, 0, 0, 3, 0, 0, 0, 0, 3
"/Users/david/git/TDDD83/tddd83/prototyper/open-iconic/svg/arrow-thick-bottom.svg", "XML", 0, 0, 0, 0, 0, 0, 0, 0, 3, 0, 0, 0, 0, 3
"/Users/david/git/TDDD83/tddd83/prototyper/open-iconic/svg/arrow-thick-left.svg", "XML", 0, 0, 0, 0, 0, 0, 0, 0, 3, 0, 0, 0, 0, 3
"/Users/david/git/TDDD83/tddd83/prototyper/open-iconic/svg/arrow-thick-right.svg", "XML", 0, 0, 0, 0, 0, 0, 0, 0, 3, 0, 0, 0, 0, 3
"/Users/david/git/TDDD83/tddd83/prototyper/open-iconic/svg/arrow-thick-top.svg", "XML", 0, 0, 0, 0, 0, 0, 0, 0, 3, 0, 0, 0, 0, 3
"/Users/david/git/TDDD83/tddd83/prototyper/open-iconic/svg/arrow-top.svg", "XML", 0, 0, 0, 0, 0, 0, 0, 0, 3, 0, 0, 0, 0, 3
"/Users/david/git/TDDD83/tddd83/prototyper/open-iconic/svg/audio-spectrum.svg", "XML", 0, 0, 0, 0, 0, 0, 0, 0, 3, 0, 0, 0, 0, 3
"/Users/david/git/TDDD83/tddd83/prototyper/open-iconic/svg/audio.svg", "XML", 0, 0, 0, 0, 0, 0, 0, 0, 4, 0, 0, 0, 0, 4
"/Users/david/git/TDDD83/tddd83/prototyper/open-iconic/svg/badge.svg", "XML", 0, 0, 0, 0, 0, 0, 0, 0, 3, 0, 0, 0, 0, 3
"/Users/david/git/TDDD83/tddd83/prototyper/open-iconic/svg/ban.svg", "XML", 0, 0, 0, 0, 0, 0, 0, 0, 3, 0, 0, 0, 0, 3
"/Users/david/git/TDDD83/tddd83/prototyper/open-iconic/svg/bar-chart.svg", "XML", 0, 0, 0, 0, 0, 0, 0, 0, 3, 0, 0, 0, 0, 3
"/Users/david/git/TDDD83/tddd83/prototyper/open-iconic/svg/basket.svg", "XML", 0, 0, 0, 0, 0, 0, 0, 0, 4, 0, 0, 0, 0, 4
"/Users/david/git/TDDD83/tddd83/prototyper/open-iconic/svg/battery-empty.svg", "XML", 0, 0, 0, 0, 0, 0, 0, 0, 3, 0, 0, 0, 0, 3
"/Users/david/git/TDDD83/tddd83/prototyper/open-iconic/svg/battery-full.svg", "XML", 0, 0, 0, 0, 0, 0, 0, 0, 3, 0, 0, 0, 0, 3
"/Users/david/git/TDDD83/tddd83/prototyper/open-iconic/svg/beaker.svg", "XML", 0, 0, 0, 0, 0, 0, 0, 0, 4, 0, 0, 0, 0, 4
"/Users/david/git/TDDD83/tddd83/prototyper/open-iconic/svg/bell.svg", "XML", 0, 0, 0, 0, 0, 0, 0, 0, 3, 0, 0, 0, 0, 3
"/Users/david/git/TDDD83/tddd83/prototyper/open-iconic/svg/bluetooth.svg", "XML", 0, 0, 0, 0, 0, 0, 0, 0, 3, 0, 0, 0, 0, 3
"/Users/david/git/TDDD83/tddd83/prototyper/open-iconic/svg/bold.svg", "XML", 0, 0, 0, 0, 0, 0, 0, 0, 3, 0, 0, 0, 0, 3
"/Users/david/git/TDDD83/tddd83/prototyper/open-iconic/svg/bolt.svg", "XML", 0, 0, 0, 0, 0, 0, 0, 0, 3, 0, 0, 0, 0, 3
"/Users/david/git/TDDD83/tddd83/prototyper/open-iconic/svg/book.svg", "XML", 0, 0, 0, 0, 0, 0, 0, 0, 3, 0, 0, 0, 0, 3
"/Users/david/git/TDDD83/tddd83/prototyper/open-iconic/svg/bookmark.svg", "XML", 0, 0, 0, 0, 0, 0, 0, 0, 3, 0, 0, 0, 0, 3
"/Users/david/git/TDDD83/tddd83/prototyper/open-iconic/svg/box.svg", "XML", 0, 0, 0, 0, 0, 0, 0, 0, 3, 0, 0, 0, 0, 3
"/Users/david/git/TDDD83/tddd83/prototyper/open-iconic/svg/briefcase.svg", "XML", 0, 0, 0, 0, 0, 0, 0, 0, 4, 0, 0, 0, 0, 4
"/Users/david/git/TDDD83/tddd83/prototyper/open-iconic/svg/british-pound.svg", "XML", 0, 0, 0, 0, 0, 0, 0, 0, 4, 0, 0, 0, 0, 4
"/Users/david/git/TDDD83/tddd83/prototyper/open-iconic/svg/browser.svg", "XML", 0, 0, 0, 0, 0, 0, 0, 0, 4, 0, 0, 0, 0, 4
"/Users/david/git/TDDD83/tddd83/prototyper/open-iconic/svg/brush.svg", "XML", 0, 0, 0, 0, 0, 0, 0, 0, 4, 0, 0, 0, 0, 4
"/Users/david/git/TDDD83/tddd83/prototyper/open-iconic/svg/bug.svg", "XML", 0, 0, 0, 0, 0, 0, 0, 0, 4, 0, 0, 0, 0, 4
"/Users/david/git/TDDD83/tddd83/prototyper/open-iconic/svg/bullhorn.svg", "XML", 0, 0, 0, 0, 0, 0, 0, 0, 4, 0, 0, 0, 0, 4
"/Users/david/git/TDDD83/tddd83/prototyper/open-iconic/svg/calculator.svg", "XML", 0, 0, 0, 0, 0, 0, 0, 0, 3, 0, 0, 0, 0, 3
"/Users/david/git/TDDD83/tddd83/prototyper/open-iconic/svg/calendar.svg", "XML", 0, 0, 0, 0, 0, 0, 0, 0, 3, 0, 0, 0, 0, 3
"/Users/david/git/TDDD83/tddd83/prototyper/open-iconic/svg/camera-slr.svg", "XML", 0, 0, 0, 0, 0, 0, 0, 0, 4, 0, 0, 0, 0, 4
"/Users/david/git/TDDD83/tddd83/prototyper/open-iconic/svg/caret-bottom.svg", "XML", 0, 0, 0, 0, 0, 0, 0, 0, 3, 0, 0, 0, 0, 3
"/Users/david/git/TDDD83/tddd83/prototyper/open-iconic/svg/caret-left.svg", "XML", 0, 0, 0, 0, 0, 0, 0, 0, 3, 0, 0, 0, 0, 3
"/Users/david/git/TDDD83/tddd83/prototyper/open-iconic/svg/caret-right.svg", "XML", 0, 0, 0, 0, 0, 0, 0, 0, 3, 0, 0, 0, 0, 3
"/Users/david/git/TDDD83/tddd83/prototyper/open-iconic/svg/caret-top.svg", "XML", 0, 0, 0, 0, 0, 0, 0, 0, 3, 0, 0, 0, 0, 3
"/Users/david/git/TDDD83/tddd83/prototyper/open-iconic/svg/cart.svg", "XML", 0, 0, 0, 0, 0, 0, 0, 0, 4, 0, 0, 0, 0, 4
"/Users/david/git/TDDD83/tddd83/prototyper/open-iconic/svg/chat.svg", "XML", 0, 0, 0, 0, 0, 0, 0, 0, 3, 0, 0, 0, 0, 3
"/Users/david/git/TDDD83/tddd83/prototyper/open-iconic/svg/check.svg", "XML", 0, 0, 0, 0, 0, 0, 0, 0, 3, 0, 0, 0, 0, 3
"/Users/david/git/TDDD83/tddd83/prototyper/open-iconic/svg/chevron-bottom.svg", "XML", 0, 0, 0, 0, 0, 0, 0, 0, 3, 0, 0, 0, 0, 3
"/Users/david/git/TDDD83/tddd83/prototyper/open-iconic/svg/chevron-left.svg", "XML", 0, 0, 0, 0, 0, 0, 0, 0, 3, 0, 0, 0, 0, 3
"/Users/david/git/TDDD83/tddd83/prototyper/open-iconic/svg/chevron-right.svg", "XML", 0, 0, 0, 0, 0, 0, 0, 0, 3, 0, 0, 0, 0, 3
"/Users/david/git/TDDD83/tddd83/prototyper/open-iconic/svg/chevron-top.svg", "XML", 0, 0, 0, 0, 0, 0, 0, 0, 3, 0, 0, 0, 0, 3
"/Users/david/git/TDDD83/tddd83/prototyper/open-iconic/svg/circle-check.svg", "XML", 0, 0, 0, 0, 0, 0, 0, 0, 3, 0, 0, 0, 0, 3
"/Users/david/git/TDDD83/tddd83/prototyper/open-iconic/svg/circle-x.svg", "XML", 0, 0, 0, 0, 0, 0, 0, 0, 3, 0, 0, 0, 0, 3
"/Users/david/git/TDDD83/tddd83/prototyper/open-iconic/svg/clipboard.svg", "XML", 0, 0, 0, 0, 0, 0, 0, 0, 3, 0, 0, 0, 0, 3
"/Users/david/git/TDDD83/tddd83/prototyper/open-iconic/svg/clock.svg", "XML", 0, 0, 0, 0, 0, 0, 0, 0, 3, 0, 0, 0, 0, 3
"/Users/david/git/TDDD83/tddd83/prototyper/open-iconic/svg/cloud-download.svg", "XML", 0, 0, 0, 0, 0, 0, 0, 0, 4, 0, 0, 0, 0, 4
"/Users/david/git/TDDD83/tddd83/prototyper/open-iconic/svg/cloud-upload.svg", "XML", 0, 0, 0, 0, 0, 0, 0, 0, 3, 0, 0, 0, 0, 3
"/Users/david/git/TDDD83/tddd83/prototyper/open-iconic/svg/cloud.svg", "XML", 0, 0, 0, 0, 0, 0, 0, 0, 3, 0, 0, 0, 0, 3
"/Users/david/git/TDDD83/tddd83/prototyper/open-iconic/svg/cloudy.svg", "XML", 0, 0, 0, 0, 0, 0, 0, 0, 4, 0, 0, 0, 0, 4
"/Users/david/git/TDDD83/tddd83/prototyper/open-iconic/svg/code.svg", "XML", 0, 0, 0, 0, 0, 0, 0, 0, 3, 0, 0, 0, 0, 3
"/Users/david/git/TDDD83/tddd83/prototyper/open-iconic/svg/cog.svg", "XML", 0, 0, 0, 0, 0, 0, 0, 0, 4, 0, 0, 0, 0, 4
"/Users/david/git/TDDD83/tddd83/prototyper/open-iconic/svg/collapse-down.svg", "XML", 0, 0, 0, 0, 0, 0, 0, 0, 3, 0, 0, 0, 0, 3
"/Users/david/git/TDDD83/tddd83/prototyper/open-iconic/svg/collapse-left.svg", "XML", 0, 0, 0, 0, 0, 0, 0, 0, 3, 0, 0, 0, 0, 3
"/Users/david/git/TDDD83/tddd83/prototyper/open-iconic/svg/collapse-right.svg", "XML", 0, 0, 0, 0, 0, 0, 0, 0, 3, 0, 0, 0, 0, 3
"/Users/david/git/TDDD83/tddd83/prototyper/open-iconic/svg/collapse-up.svg", "XML", 0, 0, 0, 0, 0, 0, 0, 0, 3, 0, 0, 0, 0, 3
"/Users/david/git/TDDD83/tddd83/prototyper/open-iconic/svg/command.svg", "XML", 0, 0, 0, 0, 0, 0, 0, 0, 4, 0, 0, 0, 0, 4
"/Users/david/git/TDDD83/tddd83/prototyper/open-iconic/svg/comment-square.svg", "XML", 0, 0, 0, 0, 0, 0, 0, 0, 3, 0, 0, 0, 0, 3
"/Users/david/git/TDDD83/tddd83/prototyper/open-iconic/svg/compass.svg", "XML", 0, 0, 0, 0, 0, 0, 0, 0, 3, 0, 0, 0, 0, 3
"/Users/david/git/TDDD83/tddd83/prototyper/open-iconic/svg/contrast.svg", "XML", 0, 0, 0, 0, 0, 0, 0, 0, 3, 0, 0, 0, 0, 3
"/Users/david/git/TDDD83/tddd83/prototyper/open-iconic/svg/copywriting.svg", "XML", 0, 0, 0, 0, 0, 0, 0, 0, 3, 0, 0, 0, 0, 3
"/Users/david/git/TDDD83/tddd83/prototyper/open-iconic/svg/credit-card.svg", "XML", 0, 0, 0, 0, 0, 0, 0, 0, 3, 0, 0, 0, 0, 3
"/Users/david/git/TDDD83/tddd83/prototyper/open-iconic/svg/crop.svg", "XML", 0, 0, 0, 0, 0, 0, 0, 0, 3, 0, 0, 0, 0, 3
"/Users/david/git/TDDD83/tddd83/prototyper/open-iconic/svg/dashboard.svg", "XML", 0, 0, 0, 0, 0, 0, 0, 0, 4, 0, 0, 0, 0, 4
"/Users/david/git/TDDD83/tddd83/prototyper/open-iconic/svg/data-transfer-download.svg", "XML", 0, 0, 0, 0, 0, 0, 0, 0, 3, 0, 0, 0, 0, 3
"/Users/david/git/TDDD83/tddd83/prototyper/open-iconic/svg/data-transfer-upload.svg", "XML", 0, 0, 0, 0, 0, 0, 0, 0, 3, 0, 0, 0, 0, 3
"/Users/david/git/TDDD83/tddd83/prototyper/open-iconic/svg/delete.svg", "XML", 0, 0, 0, 0, 0, 0, 0, 0, 3, 0, 0, 0, 0, 3
"/Users/david/git/TDDD83/tddd83/prototyper/open-iconic/svg/dial.svg", "XML", 0, 0, 0, 0, 0, 0, 0, 0, 3, 0, 0, 0, 0, 3
"/Users/david/git/TDDD83/tddd83/prototyper/open-iconic/svg/document.svg", "XML", 0, 0, 0, 0, 0, 0, 0, 0, 3, 0, 0, 0, 0, 3
"/Users/david/git/TDDD83/tddd83/prototyper/open-iconic/svg/dollar.svg", "XML", 0, 0, 0, 0, 0, 0, 0, 0, 4, 0, 0, 0, 0, 4
"/Users/david/git/TDDD83/tddd83/prototyper/open-iconic/svg/double-quote-sans-left.svg", "XML", 0, 0, 0, 0, 0, 0, 0, 0, 3, 0, 0, 0, 0, 3
"/Users/david/git/TDDD83/tddd83/prototyper/open-iconic/svg/double-quote-sans-right.svg", "XML", 0, 0, 0, 0, 0, 0, 0, 0, 3, 0, 0, 0, 0, 3
"/Users/david/git/TDDD83/tddd83/prototyper/open-iconic/svg/double-quote-serif-left.svg", "XML", 0, 0, 0, 0, 0, 0, 0, 0, 3, 0, 0, 0, 0, 3
"/Users/david/git/TDDD83/tddd83/prototyper/open-iconic/svg/double-quote-serif-right.svg", "XML", 0, 0, 0, 0, 0, 0, 0, 0, 3, 0, 0, 0, 0, 3
"/Users/david/git/TDDD83/tddd83/prototyper/open-iconic/svg/droplet.svg", "XML", 0, 0, 0, 0, 0, 0, 0, 0, 3, 0, 0, 0, 0, 3
"/Users/david/git/TDDD83/tddd83/prototyper/open-iconic/svg/eject.svg", "XML", 0, 0, 0, 0, 0, 0, 0, 0, 3, 0, 0, 0, 0, 3
"/Users/david/git/TDDD83/tddd83/prototyper/open-iconic/svg/elevator.svg", "XML", 0, 0, 0, 0, 0, 0, 0, 0, 3, 0, 0, 0, 0, 3
"/Users/david/git/TDDD83/tddd83/prototyper/open-iconic/svg/ellipses.svg", "XML", 0, 0, 0, 0, 0, 0, 0, 0, 3, 0, 0, 0, 0, 3
"/Users/david/git/TDDD83/tddd83/prototyper/open-iconic/svg/envelope-closed.svg", "XML", 0, 0, 0, 0, 0, 0, 0, 0, 3, 0, 0, 0, 0, 3
"/Users/david/git/TDDD83/tddd83/prototyper/open-iconic/svg/envelope-open.svg", "XML", 0, 0, 0, 0, 0, 0, 0, 0, 3, 0, 0, 0, 0, 3
"/Users/david/git/TDDD83/tddd83/prototyper/open-iconic/svg/euro.svg", "XML", 0, 0, 0, 0, 0, 0, 0, 0, 4, 0, 0, 0, 0, 4
"/Users/david/git/TDDD83/tddd83/prototyper/open-iconic/svg/excerpt.svg", "XML", 0, 0, 0, 0, 0, 0, 0, 0, 3, 0, 0, 0, 0, 3
"/Users/david/git/TDDD83/tddd83/prototyper/open-iconic/svg/expand-down.svg", "XML", 0, 0, 0, 0, 0, 0, 0, 0, 3, 0, 0, 0, 0, 3
"/Users/david/git/TDDD83/tddd83/prototyper/open-iconic/svg/expand-left.svg", "XML", 0, 0, 0, 0, 0, 0, 0, 0, 3, 0, 0, 0, 0, 3
"/Users/david/git/TDDD83/tddd83/prototyper/open-iconic/svg/expand-right.svg", "XML", 0, 0, 0, 0, 0, 0, 0, 0, 3, 0, 0, 0, 0, 3
"/Users/david/git/TDDD83/tddd83/prototyper/open-iconic/svg/expand-up.svg", "XML", 0, 0, 0, 0, 0, 0, 0, 0, 3, 0, 0, 0, 0, 3
"/Users/david/git/TDDD83/tddd83/prototyper/open-iconic/svg/external-link.svg", "XML", 0, 0, 0, 0, 0, 0, 0, 0, 3, 0, 0, 0, 0, 3
"/Users/david/git/TDDD83/tddd83/prototyper/open-iconic/svg/eye.svg", "XML", 0, 0, 0, 0, 0, 0, 0, 0, 4, 0, 0, 0, 0, 4
"/Users/david/git/TDDD83/tddd83/prototyper/open-iconic/svg/eyedropper.svg", "XML", 0, 0, 0, 0, 0, 0, 0, 0, 4, 0, 0, 0, 0, 4
"/Users/david/git/TDDD83/tddd83/prototyper/open-iconic/svg/file.svg", "XML", 0, 0, 0, 0, 0, 0, 0, 0, 3, 0, 0, 0, 0, 3
"/Users/david/git/TDDD83/tddd83/prototyper/open-iconic/svg/fire.svg", "XML", 0, 0, 0, 0, 0, 0, 0, 0, 3, 0, 0, 0, 0, 3
"/Users/david/git/TDDD83/tddd83/prototyper/open-iconic/svg/flag.svg", "XML", 0, 0, 0, 0, 0, 0, 0, 0, 3, 0, 0, 0, 0, 3
"/Users/david/git/TDDD83/tddd83/prototyper/open-iconic/svg/flash.svg", "XML", 0, 0, 0, 0, 0, 0, 0, 0, 3, 0, 0, 0, 0, 3
"/Users/david/git/TDDD83/tddd83/prototyper/open-iconic/svg/folder.svg", "XML", 0, 0, 0, 0, 0, 0, 0, 0, 3, 0, 0, 0, 0, 3
"/Users/david/git/TDDD83/tddd83/prototyper/open-iconic/svg/fork.svg", "XML", 0, 0, 0, 0, 0, 0, 0, 0, 4, 0, 0, 0, 0, 4
"/Users/david/git/TDDD83/tddd83/prototyper/open-iconic/svg/fullscreen-enter.svg", "XML", 0, 0, 0, 0, 0, 0, 0, 0, 3, 0, 0, 0, 0, 3
"/Users/david/git/TDDD83/tddd83/prototyper/open-iconic/svg/fullscreen-exit.svg", "XML", 0, 0, 0, 0, 0, 0, 0, 0, 3, 0, 0, 0, 0, 3
"/Users/david/git/TDDD83/tddd83/prototyper/open-iconic/svg/globe.svg", "XML", 0, 0, 0, 0, 0, 0, 0, 0, 4, 0, 0, 0, 0, 4
"/Users/david/git/TDDD83/tddd83/prototyper/open-iconic/svg/graph.svg", "XML", 0, 0, 0, 0, 0, 0, 0, 0, 3, 0, 0, 0, 0, 3
"/Users/david/git/TDDD83/tddd83/prototyper/open-iconic/svg/grid-four-up.svg", "XML", 0, 0, 0, 0, 0, 0, 0, 0, 4, 0, 0, 0, 0, 4
"/Users/david/git/TDDD83/tddd83/prototyper/open-iconic/svg/grid-three-up.svg", "XML", 0, 0, 0, 0, 0, 0, 0, 0, 3, 0, 0, 0, 0, 3
"/Users/david/git/TDDD83/tddd83/prototyper/open-iconic/svg/grid-two-up.svg", "XML", 0, 0, 0, 0, 0, 0, 0, 0, 3, 0, 0, 0, 0, 3
"/Users/david/git/TDDD83/tddd83/prototyper/open-iconic/svg/hard-drive.svg", "XML", 0, 0, 0, 0, 0, 0, 0, 0, 4, 0, 0, 0, 0, 4
"/Users/david/git/TDDD83/tddd83/prototyper/open-iconic/svg/header.svg", "XML", 0, 0, 0, 0, 0, 0, 0, 0, 3, 0, 0, 0, 0, 3
"/Users/david/git/TDDD83/tddd83/prototyper/open-iconic/svg/headphones.svg", "XML", 0, 0, 0, 0, 0, 0, 0, 0, 3, 0, 0, 0, 0, 3
"/Users/david/git/TDDD83/tddd83/prototyper/open-iconic/svg/heart.svg", "XML", 0, 0, 0, 0, 0, 0, 0, 0, 4, 0, 0, 0, 0, 4
"/Users/david/git/TDDD83/tddd83/prototyper/open-iconic/svg/home.svg", "XML", 0, 0, 0, 0, 0, 0, 0, 0, 3, 0, 0, 0, 0, 3
"/Users/david/git/TDDD83/tddd83/prototyper/open-iconic/svg/image.svg", "XML", 0, 0, 0, 0, 0, 0, 0, 0, 3, 0, 0, 0, 0, 3
"/Users/david/git/TDDD83/tddd83/prototyper/open-iconic/svg/inbox.svg", "XML", 0, 0, 0, 0, 0, 0, 0, 0, 3, 0, 0, 0, 0, 3
"/Users/david/git/TDDD83/tddd83/prototyper/open-iconic/svg/infinity.svg", "XML", 0, 0, 0, 0, 0, 0, 0, 0, 4, 0, 0, 0, 0, 4
"/Users/david/git/TDDD83/tddd83/prototyper/open-iconic/svg/info.svg", "XML", 0, 0, 0, 0, 0, 0, 0, 0, 4, 0, 0, 0, 0, 4
"/Users/david/git/TDDD83/tddd83/prototyper/open-iconic/svg/italic.svg", "XML", 0, 0, 0, 0, 0, 0, 0, 0, 3, 0, 0, 0, 0, 3
"/Users/david/git/TDDD83/tddd83/prototyper/open-iconic/svg/justify-center.svg", "XML", 0, 0, 0, 0, 0, 0, 0, 0, 3, 0, 0, 0, 0, 3
"/Users/david/git/TDDD83/tddd83/prototyper/open-iconic/svg/justify-left.svg", "XML", 0, 0, 0, 0, 0, 0, 0, 0, 3, 0, 0, 0, 0, 3
"/Users/david/git/TDDD83/tddd83/prototyper/open-iconic/svg/justify-right.svg", "XML", 0, 0, 0, 0, 0, 0, 0, 0, 3, 0, 0, 0, 0, 3
"/Users/david/git/TDDD83/tddd83/prototyper/open-iconic/svg/key.svg", "XML", 0, 0, 0, 0, 0, 0, 0, 0, 3, 0, 0, 0, 0, 3
"/Users/david/git/TDDD83/tddd83/prototyper/open-iconic/svg/laptop.svg", "XML", 0, 0, 0, 0, 0, 0, 0, 0, 3, 0, 0, 0, 0, 3
"/Users/david/git/TDDD83/tddd83/prototyper/open-iconic/svg/layers.svg", "XML", 0, 0, 0, 0, 0, 0, 0, 0, 3, 0, 0, 0, 0, 3
"/Users/david/git/TDDD83/tddd83/prototyper/open-iconic/svg/lightbulb.svg", "XML", 0, 0, 0, 0, 0, 0, 0, 0, 4, 0, 0, 0, 0, 4
"/Users/david/git/TDDD83/tddd83/prototyper/open-iconic/svg/link-broken.svg", "XML", 0, 0, 0, 0, 0, 0, 0, 0, 4, 0, 0, 0, 0, 4
"/Users/david/git/TDDD83/tddd83/prototyper/open-iconic/svg/link-intact.svg", "XML", 0, 0, 0, 0, 0, 0, 0, 0, 4, 0, 0, 0, 0, 4
"/Users/david/git/TDDD83/tddd83/prototyper/open-iconic/svg/list-rich.svg", "XML", 0, 0, 0, 0, 0, 0, 0, 0, 3, 0, 0, 0, 0, 3
"/Users/david/git/TDDD83/tddd83/prototyper/open-iconic/svg/list.svg", "XML", 0, 0, 0, 0, 0, 0, 0, 0, 4, 0, 0, 0, 0, 4
"/Users/david/git/TDDD83/tddd83/prototyper/open-iconic/svg/location.svg", "XML", 0, 0, 0, 0, 0, 0, 0, 0, 3, 0, 0, 0, 0, 3
"/Users/david/git/TDDD83/tddd83/prototyper/open-iconic/svg/lock-locked.svg", "XML", 0, 0, 0, 0, 0, 0, 0, 0, 3, 0, 0, 0, 0, 3
"/Users/david/git/TDDD83/tddd83/prototyper/open-iconic/svg/lock-unlocked.svg", "XML", 0, 0, 0, 0, 0, 0, 0, 0, 3, 0, 0, 0, 0, 3
"/Users/david/git/TDDD83/tddd83/prototyper/open-iconic/svg/loop-circular.svg", "XML", 0, 0, 0, 0, 0, 0, 0, 0, 3, 0, 0, 0, 0, 3
"/Users/david/git/TDDD83/tddd83/prototyper/open-iconic/svg/loop-square.svg", "XML", 0, 0, 0, 0, 0, 0, 0, 0, 3, 0, 0, 0, 0, 3
"/Users/david/git/TDDD83/tddd83/prototyper/open-iconic/svg/loop.svg", "XML", 0, 0, 0, 0, 0, 0, 0, 0, 3, 0, 0, 0, 0, 3
"/Users/david/git/TDDD83/tddd83/prototyper/open-iconic/svg/magnifying-glass.svg", "XML", 0, 0, 0, 0, 0, 0, 0, 0, 4, 0, 0, 0, 0, 4
"/Users/david/git/TDDD83/tddd83/prototyper/open-iconic/svg/map-marker.svg", "XML", 0, 0, 0, 0, 0, 0, 0, 0, 3, 0, 0, 0, 0, 3
"/Users/david/git/TDDD83/tddd83/prototyper/open-iconic/svg/map.svg", "XML", 0, 0, 0, 0, 0, 0, 0, 0, 4, 0, 0, 0, 0, 4
"/Users/david/git/TDDD83/tddd83/prototyper/open-iconic/svg/media-pause.svg", "XML", 0, 0, 0, 0, 0, 0, 0, 0, 3, 0, 0, 0, 0, 3
"/Users/david/git/TDDD83/tddd83/prototyper/open-iconic/svg/media-play.svg", "XML", 0, 0, 0, 0, 0, 0, 0, 0, 3, 0, 0, 0, 0, 3
"/Users/david/git/TDDD83/tddd83/prototyper/open-iconic/svg/media-record.svg", "XML", 0, 0, 0, 0, 0, 0, 0, 0, 3, 0, 0, 0, 0, 3
"/Users/david/git/TDDD83/tddd83/prototyper/open-iconic/svg/media-skip-backward.svg", "XML", 0, 0, 0, 0, 0, 0, 0, 0, 3, 0, 0, 0, 0, 3
"/Users/david/git/TDDD83/tddd83/prototyper/open-iconic/svg/media-skip-forward.svg", "XML", 0, 0, 0, 0, 0, 0, 0, 0, 3, 0, 0, 0, 0, 3
"/Users/david/git/TDDD83/tddd83/prototyper/open-iconic/svg/media-step-backward.svg", "XML", 0, 0, 0, 0, 0, 0, 0, 0, 3, 0, 0, 0, 0, 3
"/Users/david/git/TDDD83/tddd83/prototyper/open-iconic/svg/media-step-forward.svg", "XML", 0, 0, 0, 0, 0, 0, 0, 0, 3, 0, 0, 0, 0, 3
"/Users/david/git/TDDD83/tddd83/prototyper/open-iconic/svg/media-stop.svg", "XML", 0, 0, 0, 0, 0, 0, 0, 0, 3, 0, 0, 0, 0, 3
"/Users/david/git/TDDD83/tddd83/prototyper/open-iconic/svg/medical-cross.svg", "XML", 0, 0, 0, 0, 0, 0, 0, 0, 3, 0, 0, 0, 0, 3
"/Users/david/git/TDDD83/tddd83/prototyper/open-iconic/svg/menu.svg", "XML", 0, 0, 0, 0, 0, 0, 0, 0, 3, 0, 0, 0, 0, 3
"/Users/david/git/TDDD83/tddd83/prototyper/open-iconic/svg/microphone.svg", "XML", 0, 0, 0, 0, 0, 0, 0, 0, 4, 0, 0, 0, 0, 4
"/Users/david/git/TDDD83/tddd83/prototyper/open-iconic/svg/minus.svg", "XML", 0, 0, 0, 0, 0, 0, 0, 0, 3, 0, 0, 0, 0, 3
"/Users/david/git/TDDD83/tddd83/prototyper/open-iconic/svg/monitor.svg", "XML", 0, 0, 0, 0, 0, 0, 0, 0, 3, 0, 0, 0, 0, 3
"/Users/david/git/TDDD83/tddd83/prototyper/open-iconic/svg/moon.svg", "XML", 0, 0, 0, 0, 0, 0, 0, 0, 3, 0, 0, 0, 0, 3
"/Users/david/git/TDDD83/tddd83/prototyper/open-iconic/svg/move.svg", "XML", 0, 0, 0, 0, 0, 0, 0, 0, 3, 0, 0, 0, 0, 3
"/Users/david/git/TDDD83/tddd83/prototyper/open-iconic/svg/musical-note.svg", "XML", 0, 0, 0, 0, 0, 0, 0, 0, 3, 0, 0, 0, 0, 3
"/Users/david/git/TDDD83/tddd83/prototyper/open-iconic/svg/paperclip.svg", "XML", 0, 0, 0, 0, 0, 0, 0, 0, 4, 0, 0, 0, 0, 4
"/Users/david/git/TDDD83/tddd83/prototyper/open-iconic/svg/pencil.svg", "XML", 0, 0, 0, 0, 0, 0, 0, 0, 3, 0, 0, 0, 0, 3
"/Users/david/git/TDDD83/tddd83/prototyper/open-iconic/svg/people.svg", "XML", 0, 0, 0, 0, 0, 0, 0, 0, 4, 0, 0, 0, 0, 4
"/Users/david/git/TDDD83/tddd83/prototyper/open-iconic/svg/person.svg", "XML", 0, 0, 0, 0, 0, 0, 0, 0, 3, 0, 0, 0, 0, 3
"/Users/david/git/TDDD83/tddd83/prototyper/open-iconic/svg/phone.svg", "XML", 0, 0, 0, 0, 0, 0, 0, 0, 3, 0, 0, 0, 0, 3
"/Users/david/git/TDDD83/tddd83/prototyper/open-iconic/svg/pie-chart.svg", "XML", 0, 0, 0, 0, 0, 0, 0, 0, 4, 0, 0, 0, 0, 4
"/Users/david/git/TDDD83/tddd83/prototyper/open-iconic/svg/pin.svg", "XML", 0, 0, 0, 0, 0, 0, 0, 0, 3, 0, 0, 0, 0, 3
"/Users/david/git/TDDD83/tddd83/prototyper/open-iconic/svg/play-circle.svg", "XML", 0, 0, 0, 0, 0, 0, 0, 0, 3, 0, 0, 0, 0, 3
"/Users/david/git/TDDD83/tddd83/prototyper/open-iconic/svg/plus.svg", "XML", 0, 0, 0, 0, 0, 0, 0, 0, 3, 0, 0, 0, 0, 3
"/Users/david/git/TDDD83/tddd83/prototyper/open-iconic/svg/power-standby.svg", "XML", 0, 0, 0, 0, 0, 0, 0, 0, 4, 0, 0, 0, 0, 4
"/Users/david/git/TDDD83/tddd83/prototyper/open-iconic/svg/print.svg", "XML", 0, 0, 0, 0, 0, 0, 0, 0, 3, 0, 0, 0, 0, 3
"/Users/david/git/TDDD83/tddd83/prototyper/open-iconic/svg/project.svg", "XML", 0, 0, 0, 0, 0, 0, 0, 0, 3, 0, 0, 0, 0, 3
"/Users/david/git/TDDD83/tddd83/prototyper/open-iconic/svg/pulse.svg", "XML", 0, 0, 0, 0, 0, 0, 0, 0, 3, 0, 0, 0, 0, 3
"/Users/david/git/TDDD83/tddd83/prototyper/open-iconic/svg/puzzle-piece.svg", "XML", 0, 0, 0, 0, 0, 0, 0, 0, 4, 0, 0, 0, 0, 4
"/Users/david/git/TDDD83/tddd83/prototyper/open-iconic/svg/question-mark.svg", "XML", 0, 0, 0, 0, 0, 0, 0, 0, 4, 0, 0, 0, 0, 4
"/Users/david/git/TDDD83/tddd83/prototyper/open-iconic/svg/rain.svg", "XML", 0, 0, 0, 0, 0, 0, 0, 0, 4, 0, 0, 0, 0, 4
"/Users/david/git/TDDD83/tddd83/prototyper/open-iconic/svg/random.svg", "XML", 0, 0, 0, 0, 0, 0, 0, 0, 4, 0, 0, 0, 0, 4
"/Users/david/git/TDDD83/tddd83/prototyper/open-iconic/svg/reload.svg", "XML", 0, 0, 0, 0, 0, 0, 0, 0, 3, 0, 0, 0, 0, 3
"/Users/david/git/TDDD83/tddd83/prototyper/open-iconic/svg/resize-both.svg", "XML", 0, 0, 0, 0, 0, 0, 0, 0, 3, 0, 0, 0, 0, 3
"/Users/david/git/TDDD83/tddd83/prototyper/open-iconic/svg/resize-height.svg", "XML", 0, 0, 0, 0, 0, 0, 0, 0, 3, 0, 0, 0, 0, 3
"/Users/david/git/TDDD83/tddd83/prototyper/open-iconic/svg/resize-width.svg", "XML", 0, 0, 0, 0, 0, 0, 0, 0, 3, 0, 0, 0, 0, 3
"/Users/david/git/TDDD83/tddd83/prototyper/open-iconic/svg/rss-alt.svg", "XML", 0, 0, 0, 0, 0, 0, 0, 0, 3, 0, 0, 0, 0, 3
"/Users/david/git/TDDD83/tddd83/prototyper/open-iconic/svg/rss.svg", "XML", 0, 0, 0, 0, 0, 0, 0, 0, 3, 0, 0, 0, 0, 3
"/Users/david/git/TDDD83/tddd83/prototyper/open-iconic/svg/script.svg", "XML", 0, 0, 0, 0, 0, 0, 0, 0, 3, 0, 0, 0, 0, 3
"/Users/david/git/TDDD83/tddd83/prototyper/open-iconic/svg/share-boxed.svg", "XML", 0, 0, 0, 0, 0, 0, 0, 0, 3, 0, 0, 0, 0, 3
"/Users/david/git/TDDD83/tddd83/prototyper/open-iconic/svg/share.svg", "XML", 0, 0, 0, 0, 0, 0, 0, 0, 3, 0, 0, 0, 0, 3
"/Users/david/git/TDDD83/tddd83/prototyper/open-iconic/svg/shield.svg", "XML", 0, 0, 0, 0, 0, 0, 0, 0, 4, 0, 0, 0, 0, 4
"/Users/david/git/TDDD83/tddd83/prototyper/open-iconic/svg/signal.svg", "XML", 0, 0, 0, 0, 0, 0, 0, 0, 3, 0, 0, 0, 0, 3
"/Users/david/git/TDDD83/tddd83/prototyper/open-iconic/svg/signpost.svg", "XML", 0, 0, 0, 0, 0, 0, 0, 0, 3, 0, 0, 0, 0, 3
"/Users/david/git/TDDD83/tddd83/prototyper/open-iconic/svg/sort-ascending.svg", "XML", 0, 0, 0, 0, 0, 0, 0, 0, 3, 0, 0, 0, 0, 3
"/Users/david/git/TDDD83/tddd83/prototyper/open-iconic/svg/sort-descending.svg", "XML", 0, 0, 0, 0, 0, 0, 0, 0, 3, 0, 0, 0, 0, 3
"/Users/david/git/TDDD83/tddd83/prototyper/open-iconic/svg/spreadsheet.svg", "XML", 0, 0, 0, 0, 0, 0, 0, 0, 3, 0, 0, 0, 0, 3
"/Users/david/git/TDDD83/tddd83/prototyper/open-iconic/svg/star.svg", "XML", 0, 0, 0, 0, 0, 0, 0, 0, 3, 0, 0, 0, 0, 3
"/Users/david/git/TDDD83/tddd83/prototyper/open-iconic/svg/sun.svg", "XML", 0, 0, 0, 0, 0, 0, 0, 0, 4, 0, 0, 0, 0, 4
"/Users/david/git/TDDD83/tddd83/prototyper/open-iconic/svg/tablet.svg", "XML", 0, 0, 0, 0, 0, 0, 0, 0, 3, 0, 0, 0, 0, 3
"/Users/david/git/TDDD83/tddd83/prototyper/open-iconic/svg/tag.svg", "XML", 0, 0, 0, 0, 0, 0, 0, 0, 3, 0, 0, 0, 0, 3
"/Users/david/git/TDDD83/tddd83/prototyper/open-iconic/svg/tags.svg", "XML", 0, 0, 0, 0, 0, 0, 0, 0, 3, 0, 0, 0, 0, 3
"/Users/david/git/TDDD83/tddd83/prototyper/open-iconic/svg/target.svg", "XML", 0, 0, 0, 0, 0, 0, 0, 0, 3, 0, 0, 0, 0, 3
"/Users/david/git/TDDD83/tddd83/prototyper/open-iconic/svg/task.svg", "XML", 0, 0, 0, 0, 0, 0, 0, 0, 3, 0, 0, 0, 0, 3
"/Users/david/git/TDDD83/tddd83/prototyper/open-iconic/svg/terminal.svg", "XML", 0, 0, 0, 0, 0, 0, 0, 0, 3, 0, 0, 0, 0, 3
"/Users/david/git/TDDD83/tddd83/prototyper/open-iconic/svg/text.svg", "XML", 0, 0, 0, 0, 0, 0, 0, 0, 3, 0, 0, 0, 0, 3
"/Users/david/git/TDDD83/tddd83/prototyper/open-iconic/svg/thumb-down.svg", "XML", 0, 0, 0, 0, 0, 0, 0, 0, 3, 0, 0, 0, 0, 3
"/Users/david/git/TDDD83/tddd83/prototyper/open-iconic/svg/thumb-up.svg", "XML", 0, 0, 0, 0, 0, 0, 0, 0, 4, 0, 0, 0, 0, 4
"/Users/david/git/TDDD83/tddd83/prototyper/open-iconic/svg/timer.svg", "XML", 0, 0, 0, 0, 0, 0, 0, 0, 4, 0, 0, 0, 0, 4
"/Users/david/git/TDDD83/tddd83/prototyper/open-iconic/svg/transfer.svg", "XML", 0, 0, 0, 0, 0, 0, 0, 0, 3, 0, 0, 0, 0, 3
"/Users/david/git/TDDD83/tddd83/prototyper/open-iconic/svg/trash.svg", "XML", 0, 0, 0, 0, 0, 0, 0, 0, 3, 0, 0, 0, 0, 3
"/Users/david/git/TDDD83/tddd83/prototyper/open-iconic/svg/underline.svg", "XML", 0, 0, 0, 0, 0, 0, 0, 0, 3, 0, 0, 0, 0, 3
"/Users/david/git/TDDD83/tddd83/prototyper/open-iconic/svg/vertical-align-bottom.svg", "XML", 0, 0, 0, 0, 0, 0, 0, 0, 4, 0, 0, 0, 0, 4
"/Users/david/git/TDDD83/tddd83/prototyper/open-iconic/svg/vertical-align-center.svg", "XML", 0, 0, 0, 0, 0, 0, 0, 0, 4, 0, 0, 0, 0, 4
"/Users/david/git/TDDD83/tddd83/prototyper/open-iconic/svg/vertical-align-top.svg", "XML", 0, 0, 0, 0, 0, 0, 0, 0, 4, 0, 0, 0, 0, 4
"/Users/david/git/TDDD83/tddd83/prototyper/open-iconic/svg/video.svg", "XML", 0, 0, 0, 0, 0, 0, 0, 0, 3, 0, 0, 0, 0, 3
"/Users/david/git/TDDD83/tddd83/prototyper/open-iconic/svg/volume-high.svg", "XML", 0, 0, 0, 0, 0, 0, 0, 0, 4, 0, 0, 0, 0, 4
"/Users/david/git/TDDD83/tddd83/prototyper/open-iconic/svg/volume-low.svg", "XML", 0, 0, 0, 0, 0, 0, 0, 0, 3, 0, 0, 0, 0, 3
"/Users/david/git/TDDD83/tddd83/prototyper/open-iconic/svg/volume-off.svg", "XML", 0, 0, 0, 0, 0, 0, 0, 0, 3, 0, 0, 0, 0, 3
"/Users/david/git/TDDD83/tddd83/prototyper/open-iconic/svg/warning.svg", "XML", 0, 0, 0, 0, 0, 0, 0, 0, 3, 0, 0, 0, 0, 3
"/Users/david/git/TDDD83/tddd83/prototyper/open-iconic/svg/wifi.svg", "XML", 0, 0, 0, 0, 0, 0, 0, 0, 4, 0, 0, 0, 0, 4
"/Users/david/git/TDDD83/tddd83/prototyper/open-iconic/svg/wrench.svg", "XML", 0, 0, 0, 0, 0, 0, 0, 0, 4, 0, 0, 0, 0, 4
"/Users/david/git/TDDD83/tddd83/prototyper/open-iconic/svg/x.svg", "XML", 0, 0, 0, 0, 0, 0, 0, 0, 3, 0, 0, 0, 0, 3
"/Users/david/git/TDDD83/tddd83/prototyper/open-iconic/svg/yen.svg", "XML", 0, 0, 0, 0, 0, 0, 0, 0, 3, 0, 0, 0, 0, 3
"/Users/david/git/TDDD83/tddd83/prototyper/open-iconic/svg/zoom-in.svg", "XML", 0, 0, 0, 0, 0, 0, 0, 0, 4, 0, 0, 0, 0, 4
"/Users/david/git/TDDD83/tddd83/prototyper/open-iconic/svg/zoom-out.svg", "XML", 0, 0, 0, 0, 0, 0, 0, 0, 4, 0, 0, 0, 0, 4
"/Users/david/git/TDDD83/tddd83/prototyper/package-lock.json", "JSON", 0, 0, 11, 0, 0, 0, 0, 0, 0, 0, 0, 0, 1, 12
"/Users/david/git/TDDD83/tddd83/prototyper/sales.html", "HTML", 0, 0, 0, 0, 0, 0, 177, 0, 0, 0, 0, 4, 36, 217
"/Users/david/git/TDDD83/tddd83/prototyper/site.css", "CSS", 0, 0, 0, 93, 0, 0, 0, 0, 0, 0, 0, 4, 22, 119
"/Users/david/git/TDDD83/tddd83/prototyper/ticket view.html", "HTML", 0, 0, 0, 0, 0, 0, 123, 0, 0, 0, 0, 4, 20, 147
"/Users/david/git/TDDD83/tddd83/qrave/__init__.py", "Python", 44, 0, 0, 0, 0, 0, 0, 0, 0, 0, 0, 0, 12, 56
"/Users/david/git/TDDD83/tddd83/qrave/adminPages/__init__.py", "Python", 0, 0, 0, 0, 0, 0, 0, 0, 0, 0, 0, 0, 1, 1
"/Users/david/git/TDDD83/tddd83/qrave/adminPages/admin.py", "Python", 89, 0, 0, 0, 0, 0, 0, 0, 0, 0, 0, 0, 21, 110
"/Users/david/git/TDDD83/tddd83/qrave/adminPages/routes.py", "Python", 78, 0, 0, 0, 0, 0, 0, 0, 0, 0, 0, 1, 17, 96
"/Users/david/git/TDDD83/tddd83/qrave/config.py", "Python", 13, 0, 0, 0, 0, 0, 0, 0, 0, 0, 0, 2, 4, 19
"/Users/david/git/TDDD83/tddd83/qrave/errors/__init__.py", "Python", 0, 0, 0, 0, 0, 0, 0, 0, 0, 0, 0, 0, 1, 1
"/Users/david/git/TDDD83/tddd83/qrave/errors/handlers.py", "Python", 14, 0, 0, 0, 0, 0, 0, 0, 0, 0, 0, 0, 8, 22
"/Users/david/git/TDDD83/tddd83/qrave/flask_helpers.py", "Python", 51, 0, 0, 0, 0, 0, 0, 0, 0, 0, 0, 1, 22, 74
"/Users/david/git/TDDD83/tddd83/qrave/hostAdmin/__init__.py", "Python", 0, 0, 0, 0, 0, 0, 0, 0, 0, 0, 0, 0, 1, 1
"/Users/david/git/TDDD83/tddd83/qrave/hostAdmin/forms.py", "Python", 182, 0, 0, 0, 0, 0, 0, 0, 0, 0, 0, 1, 23, 206
"/Users/david/git/TDDD83/tddd83/qrave/hostAdmin/payments.py", "Python", 230, 0, 0, 0, 0, 0, 0, 0, 0, 0, 0, 1, 57, 288
"/Users/david/git/TDDD83/tddd83/qrave/hostAdmin/routes.py", "Python", 308, 0, 0, 0, 0, 0, 0, 0, 0, 0, 0, 12, 77, 397
"/Users/david/git/TDDD83/tddd83/qrave/main/__init__.py", "Python", 0, 0, 0, 0, 0, 0, 0, 0, 0, 0, 0, 0, 1, 1
"/Users/david/git/TDDD83/tddd83/qrave/main/routes.py", "Python", 41, 0, 0, 0, 0, 0, 0, 0, 0, 0, 0, 3, 20, 64
"/Users/david/git/TDDD83/tddd83/qrave/models.py", "Python", 223, 0, 0, 0, 0, 0, 0, 0, 0, 0, 0, 0, 63, 286
"/Users/david/git/TDDD83/tddd83/qrave/static/meta/browserconfig.xml", "XML", 0, 0, 0, 0, 0, 0, 0, 0, 9, 0, 0, 0, 1, 10
"/Users/david/git/TDDD83/tddd83/qrave/static/meta/icons/safari-pinned-tab.svg", "XML", 0, 0, 0, 0, 0, 0, 0, 0, 53, 0, 0, 0, 1, 54
"/Users/david/git/TDDD83/tddd83/qrave/static/meta/site.webmanifest", "JSON", 0, 0, 22, 0, 0, 0, 0, 0, 0, 0, 0, 0, 0, 22
"/Users/david/git/TDDD83/tddd83/qrave/static/package-lock.json", "JSON", 0, 0, 153, 0, 0, 0, 0, 0, 0, 0, 0, 0, 1, 154
"/Users/david/git/TDDD83/tddd83/qrave/static/package.json", "JSON", 0, 0, 18, 0, 0, 0, 0, 0, 0, 0, 0, 0, 1, 19
"/Users/david/git/TDDD83/tddd83/qrave/static/site.css", "CSS", 0, 0, 0, 242, 0, 0, 0, 0, 0, 0, 0, 12, 54, 308
"/Users/david/git/TDDD83/tddd83/qrave/swish/__init__.py", "Python", 0, 0, 0, 0, 0, 0, 0, 0, 0, 0, 0, 0, 1, 1
"/Users/david/git/TDDD83/tddd83/qrave/swish/swish.py", "Python", 28, 0, 0, 0, 0, 0, 0, 0, 0, 0, 0, 0, 8, 36
"/Users/david/git/TDDD83/tddd83/qrave/templates/admin/scan.html", "HTML", 0, 0, 0, 0, 0, 0, 72, 0, 0, 0, 0, 0, 8, 80
"/Users/david/git/TDDD83/tddd83/qrave/templates/admin/stats.html", "HTML", 0, 0, 0, 0, 0, 0, 150, 0, 0, 0, 0, 0, 11, 161
"/Users/david/git/TDDD83/tddd83/qrave/templates/admin/statshome.html", "HTML", 0, 0, 0, 0, 0, 0, 27, 0, 0, 0, 0, 0, 0, 27
"/Users/david/git/TDDD83/tddd83/qrave/templates/errors/403.html", "HTML", 0, 0, 0, 0, 0, 0, 7, 0, 0, 0, 0, 0, 1, 8
"/Users/david/git/TDDD83/tddd83/qrave/templates/errors/404.html", "HTML", 0, 0, 0, 0, 0, 0, 7, 0, 0, 0, 0, 0, 1, 8
"/Users/david/git/TDDD83/tddd83/qrave/templates/errors/500.html", "HTML", 0, 0, 0, 0, 0, 0, 7, 0, 0, 0, 0, 0, 1, 8
"/Users/david/git/TDDD83/tddd83/qrave/templates/errors/lean.html", "HTML", 0, 0, 0, 0, 0, 0, 2868, 0, 0, 0, 0, 0, 20, 2888
"/Users/david/git/TDDD83/tddd83/qrave/templates/hostAdmin/account.html", "HTML", 0, 0, 0, 0, 0, 0, 143, 0, 0, 0, 0, 1, 26, 170
"/Users/david/git/TDDD83/tddd83/qrave/templates/hostAdmin/create_event.html", "HTML", 0, 0, 0, 0, 0, 0, 444, 0, 0, 0, 0, 16, 50, 510
"/Users/david/git/TDDD83/tddd83/qrave/templates/hostAdmin/events.html", "HTML", 0, 0, 0, 0, 0, 0, 24, 0, 0, 0, 0, 0, 6, 30
"/Users/david/git/TDDD83/tddd83/qrave/templates/hostAdmin/handle_event.html", "HTML", 0, 0, 0, 0, 0, 0, 190, 0, 0, 0, 0, 2, 41, 233
"/Users/david/git/TDDD83/tddd83/qrave/templates/hostAdmin/ticket_sale.html", "HTML", 0, 0, 0, 0, 0, 0, 313, 0, 0, 0, 0, 2, 38, 353
"/Users/david/git/TDDD83/tddd83/qrave/templates/layout.html", "HTML", 0, 0, 0, 0, 0, 0, 234, 0, 0, 0, 0, 8, 26, 268
"/Users/david/git/TDDD83/tddd83/qrave/templates/main/about.html", "HTML", 0, 0, 0, 0, 0, 0, 89, 0, 0, 0, 0, 0, 19, 108
"/Users/david/git/TDDD83/tddd83/qrave/templates/main/contact.html", "HTML", 0, 0, 0, 0, 0, 0, 42, 0, 0, 0, 0, 0, 4, 46
"/Users/david/git/TDDD83/tddd83/qrave/templates/main/event.html", "HTML", 0, 0, 0, 0, 0, 0, 89, 0, 0, 0, 0, 0, 14, 103
"/Users/david/git/TDDD83/tddd83/qrave/templates/main/events.html", "HTML", 0, 0, 0, 0, 0, 0, 39, 0, 0, 0, 0, 0, 11, 50
"/Users/david/git/TDDD83/tddd83/qrave/templates/main/faq.html", "HTML", 0, 0, 0, 0, 0, 0, 247, 0, 0, 0, 0, 2, 6, 255
"/Users/david/git/TDDD83/tddd83/qrave/templates/main/home.html", "HTML", 0, 0, 0, 0, 0, 0, 4, 0, 0, 0, 0, 0, 2, 6
"/Users/david/git/TDDD83/tddd83/qrave/templates/main/host.html", "HTML", 0, 0, 0, 0, 0, 0, 25, 0, 0, 0, 0, 0, 6, 31
"/Users/david/git/TDDD83/tddd83/qrave/templates/main/hosts.html", "HTML", 0, 0, 0, 0, 0, 0, 17, 0, 0, 0, 0, 0, 2, 19
"/Users/david/git/TDDD83/tddd83/qrave/templates/main/terms.html", "HTML", 0, 0, 0, 0, 0, 0, 25, 0, 0, 0, 0, 0, 4, 29
"/Users/david/git/TDDD83/tddd83/qrave/templates/users/account.html", "HTML", 0, 0, 0, 0, 0, 0, 38, 0, 0, 0, 0, 0, 1, 39
"/Users/david/git/TDDD83/tddd83/qrave/templates/users/buy_tickets.html", "HTML", 0, 0, 0, 0, 0, 0, 176, 0, 0, 0, 0, 0, 26, 202
"/Users/david/git/TDDD83/tddd83/qrave/templates/users/forsale_tickets.html", "HTML", 0, 0, 0, 0, 0, 0, 79, 0, 0, 0, 0, 0, 5, 84
"/Users/david/git/TDDD83/tddd83/qrave/templates/users/login.html", "HTML", 0, 0, 0, 0, 0, 0, 52, 0, 0, 0, 0, 0, 1, 53
"/Users/david/git/TDDD83/tddd83/qrave/templates/users/register.html", "HTML", 0, 0, 0, 0, 0, 0, 78, 0, 0, 0, 0, 2, 3, 83
"/Users/david/git/TDDD83/tddd83/qrave/templates/users/reservedtickets.html", "HTML", 0, 0, 0, 0, 0, 0, 162, 0, 0, 0, 0, 0, 27, 189
"/Users/david/git/TDDD83/tddd83/qrave/templates/users/reset_request.html", "HTML", 0, 0, 0, 0, 0, 0, 27, 0, 0, 0, 0, 0, 1, 28
"/Users/david/git/TDDD83/tddd83/qrave/templates/users/reset_token.html", "HTML", 0, 0, 0, 0, 0, 0, 40, 0, 0, 0, 0, 0, 1, 41
"/Users/david/git/TDDD83/tddd83/qrave/templates/users/swish.html", "HTML", 0, 0, 0, 0, 0, 0, 131, 0, 0, 0, 0, 0, 9, 140
"/Users/david/git/TDDD83/tddd83/qrave/templates/users/tickets.html", "HTML", 0, 0, 0, 0, 0, 0, 219, 0, 0, 0, 0, 0, 20, 239
"/Users/david/git/TDDD83/tddd83/qrave/templates/users/usedtickets.html", "HTML", 0, 0, 0, 0, 0, 0, 45, 0, 0, 0, 0, 0, 3, 48
"/Users/david/git/TDDD83/tddd83/qrave/users/__init__.py", "Python", 0, 0, 0, 0, 0, 0, 0, 0, 0, 0, 0, 0, 1, 1
"/Users/david/git/TDDD83/tddd83/qrave/users/forms.py", "Python", 78, 0, 0, 0, 0, 0, 0, 0, 0, 0, 0, 0, 25, 103
"/Users/david/git/TDDD83/tddd83/qrave/users/routes.py", "Python", 342, 0, 0, 0, 0, 0, 0, 0, 0, 0, 0, 1, 87, 430
"/Users/david/git/TDDD83/tddd83/qrave/users/utils.py", "Python", 26, 0, 0, 0, 0, 0, 0, 0, 0, 0, 0, 0, 8, 34
"/Users/david/git/TDDD83/tddd83/requirements.txt", "pip requirements", 0, 25, 0, 0, 0, 0, 0, 0, 0, 0, 0, 0, 1, 26
"/Users/david/git/TDDD83/tddd83/run.py", "Python", 4, 0, 0, 0, 0, 0, 0, 0, 0, 0, 0, 0, 1, 5
"Total", "-", 1751, 25, 261, 2268, 2, 130, 8748, 307, 2230, 2384, 2382, 121, 4637, 25246